hersteller;bauart;typ;variante;durchmesser_mm;bestell_nr;quelle
Bayka;A-2YOF(L)2YB2Y;100x1x0,9;S (H115);31.0;5745774;BAYKA-A2Y0F(L)2YB2Y_x1x0,9.pdf
Bayka;A-2YOF(L)2YB2Y;100x1x1,4;S (H145);39.0;5745874;BAYKA-A2Y0F(L)2YB2Y_x1x1,4.pdf
Bayka;A-2YOF(L)2YB2Y;10x1x0,9;S (H115);17.0;5745756;BAYKA-A2Y0F(L)2YB2Y_x1x0,9.pdf
Bayka;AJ-2YOF(L)2YDB2Y;10x1x0,9;S (H115) 500;21.0;5746110;BAYKA-AJ2Y0F(L)2YDB2Y_x1x0,9.pdf
Bayka;AJ-2YOF(L)2YDB2Y;10x1x0,9;S (H115) 600;21.0;5746150;BAYKA-AJ2Y0F(L)2YDB2Y_x1x0,9.pdf
Bayka;A-2YOF(L)2YB2Y;10x1x1,4;S (H145);18.0;5745856;BAYKA-A2Y0F(L)2YB2Y_x1x1,4.pdf
Bayka;AJ-2YOF(L)2YDB2Y;10x1x1,4;S (H145) 500;22.0;5746016;BAYKA-AJ2Y0F(L)2YDB2Y_x1x1,4.pdf
Bayka;AJ-2YOF(L)2YDB2Y;10x1x1,4;S (H145) 600;22.0;5746000;BAYKA-AJ2Y0F(L)2YDB2Y_x1x1,4.pdf
Bayka;AJ-2YOF(L)2YDB2Y;10x1x1,8;S (H145) 500;25.0;5746066;BAYKA-AJ2Y0F(L)2YDB2Y_x1x1,8.pdf
Bayka;AJ-2YOF(L)2YDB2Y;10x1x1,8;S (H145) 600;25.0;5746050;BAYKA-AJ2Y0F(L)2YDB2Y_x1x1,8.pdf
Bayka;A-2Y(L)2YB2Y;10x4x0,9;S;24.0;5734500;BAYKA-A2Y(L)YB2Y_x4x0,9.pdf
Bayka;AJ-2Y(L)2YDB2Y;10x4x0,9;S 400;31.0;5747600;BAYKA-AJ2Y(L)2YDB2Y_x4x0,9.pdf
Bayka;AJ-2Y(L)2YDB2Y;10x4x0,9;S 600;28.0;5747200;BAYKA-AJ2Y(L)2YDB2Y_x4x0,9.pdf
Bayka;A-2Y(L)2YB2Y;10x4x1,4;S;33.0;5718600;BAYKA-A2Y(L)YB2Y_x4x1,4.pdf
Bayka;A-2Y(St)YbY;10x4x1,4;S Lg (1B 0.3);37.5;5773000;BAYKA-A2Y(ST)YBY_x4x1,4.pdf
Bayka;AJ-2Y(L)2YDB2Y;10x4x1,4;S 400;39.0;5781600;BAYKA-AJ2Y(L)2YDB2Y_x4x1,4.pdf
Bayka;AJ-2Y(L)2YDB2Y;10x4x1,4;S 500;37.0;5781100;BAYKA-AJ2Y(L)2YDB2Y_x4x1,4.pdf
Bayka;AJ-2Y(St)YbY;114x1x1,4;S (H120 / 2B 0,8);49.0;5783300;BAYKA-AJ2Y(ST)YBY_x1x1,4.pdf
Bayka;A-2YOF(L)2YB2Y;120x1x0,9;S (H115);32.0;5745776;BAYKA-A2Y0F(L)2YB2Y_x1x0,9.pdf
Bayka;AJ-2YOF(L)2YDB2Y;120x1x0,9;S (H115) 500;35.0;5746126;BAYKA-AJ2Y0F(L)2YDB2Y_x1x0,9.pdf
Bayka;AJ-2YOF(L)2YDB2Y;120x1x0,9;S (H115) 600;35.0;5746166;BAYKA-AJ2Y0F(L)2YDB2Y_x1x0,9.pdf
Bayka;A-2YOF(L)2YB2Y;120x1x1,4;S (H145);41.0;5745876;BAYKA-A2Y0F(L)2YB2Y_x1x1,4.pdf
Bayka;AJ-2YOF(L)2YDB2Y;120x1x1,4;S (H145) 400;48.0;5746036;BAYKA-AJ2Y0F(L)2YDB2Y_x1x1,4.pdf
Bayka;AJ-2YOF(L)2YDB2Y;120x1x1,4;S (H145) 500;45.0;5746026;BAYKA-AJ2Y0F(L)2YDB2Y_x1x1,4.pdf
Bayka;AJ-2YOF(L)2YDB2Y;120x1x1,4;S (H145) 600;44.0;5746010;BAYKA-AJ2Y0F(L)2YDB2Y_x1x1,4.pdf
Bayka;AJ-2YOF(L)2YDB2Y;120x1x1,8;S (H145) 400;56.0;5746090;BAYKA-AJ2Y0F(L)2YDB2Y_x1x1,8.pdf
Bayka;AJ-2YOF(L)2YDB2Y;120x1x1,8;S (H145) 500;53.0;5746076;BAYKA-AJ2Y0F(L)2YDB2Y_x1x1,8.pdf
Bayka;AJ-2YOF(L)2YDB2Y;120x1x1,8;S (H145) 600;52.0;5746060;BAYKA-AJ2Y0F(L)2YDB2Y_x1x1,8.pdf
Bayka;AJ-2Y(St)YbY;12x1x1,4;S (H120) (2B 0,5);24.5;5783900;BAYKA-AJ2Y(ST)YBY_x1x1,4.pdf
Bayka;AJ-2Y(St)YbY;133x1x1,4;S (H120 / 2B 0,8);51.0;5783000;BAYKA-AJ2Y(ST)YBY_x1x1,4.pdf
Bayka;A-2YOF(L)2YB2Y;140x1x0,9;S (H115);35.0;5745778;BAYKA-A2Y0F(L)2YB2Y_x1x0,9.pdf
Bayka;A-2YOF(L)2YB2Y;140x1x1,4;S (H145);44.0;5745878;BAYKA-A2Y0F(L)2YB2Y_x1x1,4.pdf
Bayka;A-2YOF(L)2YB2Y;14x1x0,9;S (H115);17.0;5745758;BAYKA-A2Y0F(L)2YB2Y_x1x0,9.pdf
Bayka;A-2YOF(L)2YB2Y;14x1x1,4;S (H145);19.0;5745858;BAYKA-A2Y0F(L)2YB2Y_x1x1,4.pdf
Bayka;A-2Y(L)2YB2Y;14x4x0,9;S;27.0;5734600;BAYKA-A2Y(L)YB2Y_x4x0,9.pdf
Bayka;A-2Y(L)2YB2Y;14x4x1,4;S;37.0;5782700;BAYKA-A2Y(L)YB2Y_x4x1,4.pdf
Bayka;A-2Y(St)YbY;14x4x1,4;S Lg (1B 0.3);41.0;5773200;BAYKA-A2Y(ST)YBY_x4x1,4.pdf
Bayka;AJ-2Y(St)YbY;154x1x1,4;S (H120 / 2B 0,8);57.5;5780100;BAYKA-AJ2Y(ST)YBY_x1x1,4.pdf
Bayka;A-2YOF(L)2YB2Y;160x1x0,9;S (H115);36.0;5745780;BAYKA-A2Y0F(L)2YB2Y_x1x0,9.pdf
Bayka;AJ-2YOF(L)2YDB2Y;160x1x0,9;S (H115) 500;39.0;5746128;BAYKA-AJ2Y0F(L)2YDB2Y_x1x0,9.pdf
Bayka;AJ-2YOF(L)2YDB2Y;160x1x0,9;S (H115) 600;39.0;5746168;BAYKA-AJ2Y0F(L)2YDB2Y_x1x0,9.pdf
Bayka;A-2YOF(L)2YB2Y;160x1x1,4;S (H145);46.0;5745880;BAYKA-A2Y0F(L)2YB2Y_x1x1,4.pdf
Bayka;AJ-2YOF(L)2YDB2Y;160x1x1,4;S (H145) 500;50.0;5746028;BAYKA-AJ2Y0F(L)2YDB2Y_x1x1,4.pdf
Bayka;AJ-2YOF(L)2YDB2Y;160x1x1,4;S (H145) 600;49.0;5746012;BAYKA-AJ2Y0F(L)2YDB2Y_x1x1,4.pdf
Bayka;AJ-2YOF(L)2YDB2Y;160x1x1,8;S (H145) 400;62.0;5746092;BAYKA-AJ2Y0F(L)2YDB2Y_x1x1,8.pdf
Bayka;AJ-2YOF(L)2YDB2Y;160x1x1,8;S (H145) 500;59.0;5746078;BAYKA-AJ2Y0F(L)2YDB2Y_x1x1,8.pdf
Bayka;AJ-2YOF(L)2YDB2Y;160x1x1,8;S (H145) 600;58.0;5746062;BAYKA-AJ2Y0F(L)2YDB2Y_x1x1,8.pdf
Bayka;AJ-2Y(St)YbY;16x1x1,4;S (H120 / 2B 0,5);25.5;5784200;BAYKA-AJ2Y(ST)YBY_x1x1,4.pdf
Bayka;AJ-2Y(St)YbY;176x1x1,4;S (H120 / 2B 0,8);58.0;5783400;BAYKA-AJ2Y(ST)YBY_x1x1,4.pdf
Bayka;A-2YOF(L)2YB2Y;180x1x0,9;S (H115);39.0;5745782;BAYKA-A2Y0F(L)2YB2Y_x1x0,9.pdf
Bayka;A-2YOF(L)2YB2Y;180x1x1,4;S (H145);49.0;5745882;BAYKA-A2Y0F(L)2YB2Y_x1x1,4.pdf
Bayka;A-02YSTF(L)2Y(SR)2Y;1x4x0,8;STI DB;18.0;5700400;BAYKA-A-02YSTF(L)2Y(SR)2Y_1x4x0,8.pdf
Bayka;A-02YSTF(L)2YB2Y;1x4x0,8;STI DB;16.0;5700100;BAYKA-A-02YSTF(L)2YB2Y_1x4x0,8.pdf
Bayka;A-2Y(L)2YB2Y;1x4x0,9;S;12.0;5734100;BAYKA-A2Y(L)YB2Y_x4x0,9.pdf
Bayka;A-2Y(L)2YB2Y;1x4x1,4;S;14.0;5780400;BAYKA-A2Y(L)YB2Y_x4x1,4.pdf
Bayka;A-2Y(St)YbY;1x4x1,4;S Lg (1B 0.3);17.5;5772100;BAYKA-A2Y(ST)YBY_x4x1,4.pdf
Bayka;A-2YOF(L)2YB2Y;200x1x0,9;S (H115);39.0;5745784;BAYKA-A2Y0F(L)2YB2Y_x1x0,9.pdf
Bayka;AJ-2YOF(L)2YDB2Y;200x1x0,9;S (H115) 500;41.0;5746130;BAYKA-AJ2Y0F(L)2YDB2Y_x1x0,9.pdf
Bayka;AJ-2YOF(L)2YDB2Y;200x1x0,9;S (H115) 600;41.0;5746170;BAYKA-AJ2Y0F(L)2YDB2Y_x1x0,9.pdf
Bayka;A-2YOF(L)2YB2Y;200x1x1,4;S (H145);50.0;5745884;BAYKA-A2Y0F(L)2YB2Y_x1x1,4.pdf
Bayka;AJ-2Y(St)YbY;200x1x1,4;S (H120 / 2B 0,8);61.0;5780200;BAYKA-AJ2Y(ST)YBY_x1x1,4.pdf
Bayka;AJ-2YOF(L)2YDB2Y;200x1x1,4;S (H145) 400;57.0;5746040;BAYKA-AJ2Y0F(L)2YDB2Y_x1x1,4.pdf
Bayka;AJ-2YOF(L)2YDB2Y;200x1x1,4;S (H145) 500;54.0;5746030;BAYKA-AJ2Y0F(L)2YDB2Y_x1x1,4.pdf
Bayka;AJ-2YOF(L)2YDB2Y;200x1x1,4;S (H145) 600;53.0;5746014;BAYKA-AJ2Y0F(L)2YDB2Y_x1x1,4.pdf
Bayka;AJ-2YOF(L)2YDB2Y;200x1x1,8;S (H145) 400;67.0;5746094;BAYKA-AJ2Y0F(L)2YDB2Y_x1x1,8.pdf
Bayka;AJ-2YOF(L)2YDB2Y;200x1x1,8;S (H145) 500;64.0;5746080;BAYKA-AJ2Y0F(L)2YDB2Y_x1x1,8.pdf
Bayka;AJ-2YOF(L)2YDB2Y;200x1x1,8;S (H145) 600;63.0;5746064;BAYKA-AJ2Y0F(L)2YDB2Y_x1x1,8.pdf
Bayka;A-2YOF(L)2YB2Y;20x1x0,9;S (H115);18.0;5745760;BAYKA-A2Y0F(L)2YB2Y_x1x0,9.pdf
Bayka;AJ-2YOF(L)2YDB2Y;20x1x0,9;S (H115) 500;22.0;5746114;BAYKA-AJ2Y0F(L)2YDB2Y_x1x0,9.pdf
Bayka;AJ-2YOF(L)2YDB2Y;20x1x0,9;S (H115) 600;22.0;5746154;BAYKA-AJ2Y0F(L)2YDB2Y_x1x0,9.pdf
Bayka;A-2YOF(L)2YB2Y;20x1x1,4;S (H145);22.0;5745860;BAYKA-A2Y0F(L)2YB2Y_x1x1,4.pdf
Bayka;AJ-2YOF(L)2YDB2Y;20x1x1,4;S (H145) 500;26.0;5746018;BAYKA-AJ2Y0F(L)2YDB2Y_x1x1,4.pdf
Bayka;AJ-2YOF(L)2YDB2Y;20x1x1,4;S (H145) 600;26.0;5746002;BAYKA-AJ2Y0F(L)2YDB2Y_x1x1,4.pdf
Bayka;AJ-2YOF(L)2YDB2Y;20x1x1,8;S (H145) 500;29.0;5746068;BAYKA-AJ2Y0F(L)2YDB2Y_x1x1,8.pdf
Bayka;AJ-2YOF(L)2YDB2Y;20x1x1,8;S (H145) 600;29.0;5746052;BAYKA-AJ2Y0F(L)2YDB2Y_x1x1,8.pdf
Bayka;A-2Y(L)2YB2Y;20x4x0,9;S;30.0;5703000;BAYKA-A2Y(L)YB2Y_x4x0,9.pdf
Bayka;AJ-2Y(L)2YDB2Y;20x4x0,9;S 400;38.0;5747700;BAYKA-AJ2Y(L)2YDB2Y_x4x0,9.pdf
Bayka;AJ-2Y(L)2YDB2Y;20x4x0,9;S 600;35.0;5747300;BAYKA-AJ2Y(L)2YDB2Y_x4x0,9.pdf
Bayka;A-2Y(L)2YB2Y;20x4x1,4;S;42.0;5782710;BAYKA-A2Y(L)YB2Y_x4x1,4.pdf
Bayka;A-2Y(St)YbY;20x4x1,4;S Lg (1B 0.3);46.5;5773400;BAYKA-A2Y(ST)YBY_x4x1,4.pdf
Bayka;AJ-2Y(L)2YDB2Y;20x4x1,4;S 400;49.0;5781700;BAYKA-AJ2Y(L)2YDB2Y_x4x1,4.pdf
Bayka;AJ-2Y(L)2YDB2Y;20x4x1,4;S 500;47.0;5748900;BAYKA-AJ2Y(L)2YDB2Y_x4x1,4.pdf
Bayka;AJ-2Y(St)YbY;21x1x1,4;S (H120 / 2B 0,5);27.5;5783800;BAYKA-AJ2Y(ST)YBY_x1x1,4.pdf
Bayka;A-2YOF(L)2YB2Y;24x1x0,9;S (H115);20.0;5745762;BAYKA-A2Y0F(L)2YB2Y_x1x0,9.pdf
Bayka;A-2YOF(L)2YB2Y;24x1x1,4;S (H145);23.0;5745862;BAYKA-A2Y0F(L)2YB2Y_x1x1,4.pdf
Bayka;AJ-2Y(St)YbY;27x1x1,4;S (H120 / 2B 0,5);29.5;5784100;BAYKA-AJ2Y(ST)YBY_x1x1,4.pdf
Bayka;A-2YOF(L)2YB2Y;2x1x0,9;S (H115);13.0;5745749;BAYKA-A2Y0F(L)2YB2Y_x1x0,9.pdf
Bayka;A-2YOF(L)2YB2Y;30x1x0,9;S (H115);20.0;5745764;BAYKA-A2Y0F(L)2YB2Y_x1x0,9.pdf
Bayka;AJ-2YOF(L)2YDB2Y;30x1x0,9;S (H115) 500;24.0;5746118;BAYKA-AJ2Y0F(L)2YDB2Y_x1x0,9.pdf
Bayka;AJ-2YOF(L)2YDB2Y;30x1x0,9;S (H115) 600;24.0;5746158;BAYKA-AJ2Y0F(L)2YDB2Y_x1x0,9.pdf
Bayka;A-2YOF(L)2YB2Y;30x1x1,4;S (H145);24.0;5745864;BAYKA-A2Y0F(L)2YB2Y_x1x1,4.pdf
Bayka;AJ-2YOF(L)2YDB2Y;30x1x1,4;S (H145) 500;28.0;5746020;BAYKA-AJ2Y0F(L)2YDB2Y_x1x1,4.pdf
Bayka;AJ-2YOF(L)2YDB2Y;30x1x1,4;S (H145) 600;28.0;5746004;BAYKA-AJ2Y0F(L)2YDB2Y_x1x1,4.pdf
Bayka;AJ-2YOF(L)2YDB2Y;30x1x1,8;S (H145) 400;36.0;5746084;BAYKA-AJ2Y0F(L)2YDB2Y_x1x1,8.pdf
Bayka;AJ-2YOF(L)2YDB2Y;30x1x1,8;S (H145) 500;33.0;5746070;BAYKA-AJ2Y0F(L)2YDB2Y_x1x1,8.pdf
Bayka;AJ-2YOF(L)2YDB2Y;30x1x1,8;S (H145) 600;33.0;5746054;BAYKA-AJ2Y0F(L)2YDB2Y_x1x1,8.pdf
Bayka;A-2Y(L)2YB2Y;30x4x0,9;S;36.0;5703500;BAYKA-A2Y(L)YB2Y_x4x0,9.pdf
Bayka;AJ-2Y(L)2YDB2Y;30x4x0,9;S 400;43.0;5747800;BAYKA-AJ2Y(L)2YDB2Y_x4x0,9.pdf
Bayka;AJ-2Y(L)2YDB2Y;30x4x0,9;S 600;40.0;5747400;BAYKA-AJ2Y(L)2YDB2Y_x4x0,9.pdf
Bayka;A-2Y(L)2YB2Y;30x4x1,4;S;49.0;5723460;BAYKA-A2Y(L)YB2Y_x4x1,4.pdf
Bayka;A-2Y(St)YbY;30x4x1,4;S Lg (1B 0.3);55.0;5748000;BAYKA-A2Y(ST)YBY_x4x1,4.pdf
Bayka;AJ-2Y(L)2YDB2Y;30x4x1,4;S 400;56.0;5781800;BAYKA-AJ2Y(L)2YDB2Y_x4x1,4.pdf
Bayka;AJ-2Y(L)2YDB2Y;30x4x1,4;S 500;54.0;5748400;BAYKA-AJ2Y(L)2YDB2Y_x4x1,4.pdf
Bayka;AJ-2Y(St)YbY;33x1x1,4;S (H120 / 2B 0,5);31.0;5784300;BAYKA-AJ2Y(ST)YBY_x1x1,4.pdf
Bayka;A-2Y(L)2YB2Y;3x4x0,9;S;17.0;5734200;BAYKA-A2Y(L)YB2Y_x4x0,9.pdf
Bayka;AJ-2Y(L)2YDB2Y;3x4x0,9;S 600;21.0;5747000;BAYKA-AJ2Y(L)2YDB2Y_x4x0,9.pdf
Bayka;A-2Y(L)2YB2Y;3x4x1,4;S;21.0;5780600;BAYKA-A2Y(L)YB2Y_x4x1,4.pdf
Bayka;A-2Y(St)YbY;3x4x1,4;S Lg (1B 0.3);25.0;5772300;BAYKA-A2Y(ST)YBY_x4x1,4.pdf
Bayka;AJ-2Y(L)2YDB2Y;3x4x1,4;S 500;25.0;5780900;BAYKA-AJ2Y(L)2YDB2Y_x4x1,4.pdf
Bayka;A-2YOF(L)2YB2Y;40x1x0,9;S (H115);21.0;5745766;BAYKA-A2Y0F(L)2YB2Y_x1x0,9.pdf
Bayka;A-2YOF(L)2YB2Y;40x1x1,4;S (H145);27.0;5745866;BAYKA-A2Y0F(L)2YB2Y_x1x1,4.pdf
Bayka;AJ-2Y(St)YbY;40x1x1,4;S (H120 / 2B 0,5);34.0;5783700;BAYKA-AJ2Y(ST)YBY_x1x1,4.pdf
Bayka;A-2Y(L)2YB2Y;40x4x0,9;S;39.0;5723450;BAYKA-A2Y(L)YB2Y_x4x0,9.pdf
Bayka;AJ-2Y(L)2YDB2Y;40x4x0,9;S 400;48.0;5747900;BAYKA-AJ2Y(L)2YDB2Y_x4x0,9.pdf
Bayka;AJ-2Y(L)2YDB2Y;40x4x0,9;S 600;45.0;5747500;BAYKA-AJ2Y(L)2YDB2Y_x4x0,9.pdf
Bayka;A-2Y(L)2YB2Y;40x4x1,4;S;54.0;5723462;BAYKA-A2Y(L)YB2Y_x4x1,4.pdf
Bayka;AJ-2Y(L)2YDB2Y;40x4x1,4;S 400;63.0;5781900;BAYKA-AJ2Y(L)2YDB2Y_x4x1,4.pdf
Bayka;AJ-2Y(L)2YDB2Y;40x4x1,4;S 500;61.0;5781400;BAYKA-AJ2Y(L)2YDB2Y_x4x1,4.pdf
Bayka;A-2YOF(L)2YB2Y;4x1x0,9;S (H115);13.0;5745750;BAYKA-A2Y0F(L)2YB2Y_x1x0,9.pdf
Bayka;A-2YOF(L)2YB2Y;4x1x1,4;S (H145);14.0;5745850;BAYKA-A2Y0F(L)2YB2Y_x1x1,4.pdf
Bayka;A-2YOF(L)2YB2Y;50x1x0,9;S (H115);23.0;5745768;BAYKA-A2Y0F(L)2YB2Y_x1x0,9.pdf
Bayka;AJ-2YOF(L)2YDB2Y;50x1x0,9;S (H115) 500;27.0;5746120;BAYKA-AJ2Y0F(L)2YDB2Y_x1x0,9.pdf
Bayka;AJ-2YOF(L)2YDB2Y;50x1x0,9;S (H115) 600;27.0;5746160;BAYKA-AJ2Y0F(L)2YDB2Y_x1x0,9.pdf
Bayka;A-2YOF(L)2YB2Y;50x1x1,4;S (H145);29.0;5745868;BAYKA-A2Y0F(L)2YB2Y_x1x1,4.pdf
Bayka;AJ-2YOF(L)2YDB2Y;50x1x1,4;S (H145) 400;36.0;5746032;BAYKA-AJ2Y0F(L)2YDB2Y_x1x1,4.pdf
Bayka;AJ-2YOF(L)2YDB2Y;50x1x1,4;S (H145) 500;33.0;5746022;BAYKA-AJ2Y0F(L)2YDB2Y_x1x1,4.pdf
Bayka;AJ-2YOF(L)2YDB2Y;50x1x1,4;S (H145) 600;33.0;5746006;BAYKA-AJ2Y0F(L)2YDB2Y_x1x1,4.pdf
Bayka;AJ-2YOF(L)2YDB2Y;50x1x1,8;S (H145) 400;43.0;5746086;BAYKA-AJ2Y0F(L)2YDB2Y_x1x1,8.pdf
Bayka;AJ-2YOF(L)2YDB2Y;50x1x1,8;S (H145) 500;39.0;5746072;BAYKA-AJ2Y0F(L)2YDB2Y_x1x1,8.pdf
Bayka;AJ-2YOF(L)2YDB2Y;50x1x1,8;S (H145) 600;39.0;5746056;BAYKA-AJ2Y0F(L)2YDB2Y_x1x1,8.pdf
Bayka;AJ-2Y(St)YbY;56x1x1,4;S (H120 / 2B 0,5);37.0;5784000;BAYKA-AJ2Y(ST)YBY_x1x1,4.pdf
Bayka;A-2Y(L)2YB2Y;5x4x0,9;S;19.0;5734300;BAYKA-A2Y(L)YB2Y_x4x0,9.pdf
Bayka;AJ-2Y(L)2YDB2Y;5x4x0,9;S 600;23.0;5747100;BAYKA-AJ2Y(L)2YDB2Y_x4x0,9.pdf
Bayka;A-2Y(L)2YB2Y;5x4x1,4;S;24.0;5780700;BAYKA-A2Y(L)YB2Y_x4x1,4.pdf
Bayka;A-2Y(St)YbY;5x4x1,4;S Lg (1B 0.3);28.0;5772400;BAYKA-A2Y(ST)YBY_x4x1,4.pdf
Bayka;A-2Y(St)YbY;5x4x1,4;S Lg (1B 0.3);29.0;5772600;BAYKA-A2Y(ST)YBY_x4x1,4.pdf
Bayka;AJ-2Y(L)2YDB2Y;5x4x1,4;S 400;31.0;5781500;BAYKA-AJ2Y(L)2YDB2Y_x4x1,4.pdf
Bayka;AJ-2Y(L)2YDB2Y;5x4x1,4;S 500;29.0;5781000;BAYKA-AJ2Y(L)2YDB2Y_x4x1,4.pdf
Bayka;A-2YOF(L)2YB2Y;60x1x0,9;S (H115);25.0;5745770;BAYKA-A2Y0F(L)2YB2Y_x1x0,9.pdf
Bayka;A-2YOF(L)2YB2Y;60x1x1,4;S (H145);32.0;5745870;BAYKA-A2Y0F(L)2YB2Y_x1x1,4.pdf
Bayka;AJ-2Y(St)YbY;65x1x1,4;S (H120 / 2B 0,8);40.0;5783600;BAYKA-AJ2Y(ST)YBY_x1x1,4.pdf
Bayka;A-2YOF(L)2YB2Y;7x1x0,9;S (H115);14.0;5745754;BAYKA-A2Y0F(L)2YB2Y_x1x0,9.pdf
Bayka;A-2YOF(L)2YB2Y;7x1x1,4;S (H145);17.0;5745854;BAYKA-A2Y0F(L)2YB2Y_x1x1,4.pdf
Bayka;A-2Y(L)2YB2Y;7x4x0,9;S;21.0;5734400;BAYKA-A2Y(L)YB2Y_x4x0,9.pdf
Bayka;A-2Y(L)2YB2Y;7x4x1,4;S;26.0;5780800;BAYKA-A2Y(L)YB2Y_x4x1,4.pdf
Bayka;A-2Y(St)YbY;7x4x1,4;S Lg (1B 0.3);32.0;5772700;BAYKA-A2Y(ST)YBY_x4x1,4.pdf
Bayka;A-2YOF(L)2YB2Y;80x1x0,9;S (H115);26.0;5745772;BAYKA-A2Y0F(L)2YB2Y_x1x0,9.pdf
Bayka;AJ-2YOF(L)2YDB2Y;80x1x0,9;S (H115) 500;30.0;5746124;BAYKA-AJ2Y0F(L)2YDB2Y_x1x0,9.pdf
Bayka;AJ-2YOF(L)2YDB2Y;80x1x0,9;S (H115) 600;30.0;5746164;BAYKA-AJ2Y0F(L)2YDB2Y_x1x0,9.pdf
Bayka;A-2YOF(L)2YB2Y;80x1x1,4;S (H145);35.0;5745872;BAYKA-A2Y0F(L)2YB2Y_x1x1,4.pdf
Bayka;AJ-2YOF(L)2YDB2Y;80x1x1,4;S (H145) 400;42.0;5746034;BAYKA-AJ2Y0F(L)2YDB2Y_x1x1,4.pdf
Bayka;AJ-2YOF(L)2YDB2Y;80x1x1,4;S (H145) 500;38.0;5746024;BAYKA-AJ2Y0F(L)2YDB2Y_x1x1,4.pdf
Bayka;AJ-2YOF(L)2YDB2Y;80x1x1,4;S (H145) 600;38.0;5746008;BAYKA-AJ2Y0F(L)2YDB2Y_x1x1,4.pdf
Bayka;AJ-2YOF(L)2YDB2Y;80x1x1,8;S (H145) 400;49.0;5746088;BAYKA-AJ2Y0F(L)2YDB2Y_x1x1,8.pdf
Bayka;AJ-2YOF(L)2YDB2Y;80x1x1,8;S (H145) 500;46.0;5746074;BAYKA-AJ2Y0F(L)2YDB2Y_x1x1,8.pdf
Bayka;AJ-2YOF(L)2YDB2Y;80x1x1,8;S (H145) 600;45.0;5746058;BAYKA-AJ2Y0F(L)2YDB2Y_x1x1,8.pdf
Bayka;AJ-2Y(St)YbY;8x1x1,4;S (H120) (2B 0,5);21.0;5784400;BAYKA-AJ2Y(ST)YBY_x1x1,4.pdf
Bayka;AJ-2Y(St)YbY;96x1x1,4;S (H120 / 2B 0,8);46.0;5783500;BAYKA-AJ2Y(ST)YBY_x1x1,4.pdf
